type,MQ3,MQ135,TGS2600,TGS2602,TGS2603,TGS2609,TGS2610,SYG9,MQ137,MQ138,TGS2611,TGS2612,TGS2618,TGS2619,TGS2620,SY1B
16,614,26,348,365,349,329,121,387,200,242,150,83,137,236,327,126
16,614,26,348,365,349,329,121,385,200,242,150,83,137,236,327,124
16,612,26,348,365,349,329,121,385,197,242,150,83,137,236,327,124
16,612,32,354,365,349,329,121,385,197,247,157,83,137,236,327,124
16,612,32,354,366,349,329,121,385,197,247,157,83,137,236,327,124
16,612,32,354,366,350,329,121,385,197,247,157,83,139,236,327,124
16,612,32,354,366,350,325,123,385,197,247,157,83,139,232,329,124
16,612,32,354,366,350,325,123,395,197,247,157,83,139,232,329,130
16,654,32,354,366,350,325,123,395,198,247,157,83,139,232,329,130
16,654,34,352,366,350,325,123,395,198,244,156,83,139,232,329,130
16,654,34,352,369,350,325,123,395,198,244,156,85,139,232,329,130
16,654,34,352,369,359,325,123,395,198,244,156,85,142,232,329,130
16,654,34,352,369,359,326,128,395,198,244,156,85,142,236,333,130
16,654,34,352,369,359,326,128,410,198,244,156,85,142,236,333,132
16,712,34,352,369,359,326,128,410,204,244,156,85,142,236,333,132
16,712,36,357,369,359,326,128,410,204,246,162,85,142,236,333,132
16,712,36,357,372,359,326,128,410,204,246,162,84,142,236,333,132
16,712,36,357,372,386,326,128,410,204,246,162,84,148,236,333,132
16,712,36,357,372,386,334,139,410,204,246,162,84,148,250,342,132
16,712,36,357,372,386,334,139,447,204,246,162,84,148,250,342,142
16,758,36,357,372,386,334,139,447,202,246,162,84,148,250,342,142
16,758,38,360,372,386,334,139,447,202,249,167,84,148,250,342,142
16,758,38,360,374,386,334,139,447,202,249,167,80,148,250,342,142
16,758,38,360,374,435,334,139,447,202,249,167,80,160,250,342,142
16,758,38,360,374,435,342,150,447,202,249,167,80,160,267,353,142
16,758,38,360,374,435,342,150,492,202,249,167,80,160,267,353,152
16,810,38,360,374,435,342,150,492,206,249,167,80,160,267,353,152
16,810,44,372,374,435,342,150,492,206,257,182,80,160,267,353,152
16,810,44,372,386,435,342,150,492,206,257,182,80,160,267,353,152
16,810,44,372,386,503,342,150,492,206,257,182,80,176,267,353,152
16,810,44,372,386,503,361,166,492,206,257,182,80,176,297,370,152
16,810,44,372,386,503,361,166,546,206,257,182,80,176,297,370,163
16,868,44,372,386,503,361,166,546,214,257,182,80,176,297,370,163
16,868,46,393,386,503,361,166,546,214,263,202,80,176,297,370,163
16,868,46,393,405,503,361,166,546,214,263,202,80,176,297,370,163
16,868,46,393,405,581,361,166,546,214,263,202,80,190,297,370,163
16,868,46,393,405,581,380,187,546,214,263,202,80,190,326,401,163
16,868,46,393,405,581,380,187,608,214,263,202,80,190,326,401,177
16,926,46,393,405,581,380,187,608,221,263,202,80,190,326,401,177
16,926,49,419,405,581,380,187,608,221,269,223,80,190,326,401,177
16,926,49,419,429,581,380,187,608,221,269,223,81,190,326,401,177
16,926,49,419,429,665,380,187,608,221,269,223,81,209,326,401,177
16,926,49,419,429,665,409,202,608,221,269,223,81,209,359,429,177
16,926,49,419,429,665,409,202,670,221,269,223,81,209,359,429,185
16,973,49,419,429,665,409,202,670,221,269,223,81,209,359,429,185
16,973,50,450,429,665,409,202,670,221,274,244,81,209,359,429,185
16,973,50,450,462,665,409,202,670,221,274,244,83,209,359,429,185
16,973,50,450,462,737,409,202,670,221,274,244,83,223,359,429,185
16,973,50,450,462,737,439,216,670,221,274,244,83,223,389,463,185
16,973,50,450,462,737,439,216,745,221,274,244,83,223,389,463,204
16,1028,50,450,462,737,439,216,745,231,274,244,83,223,389,463,204
16,1028,53,478,462,737,439,216,745,231,280,258,83,223,389,463,204
16,1028,53,478,492,737,439,216,745,231,280,258,81,223,389,463,204
16,1028,53,478,492,810,439,216,745,231,280,258,81,242,389,463,204
16,1028,53,478,492,810,469,229,745,231,280,258,81,242,415,500,204
16,1028,53,478,492,810,469,229,815,231,280,258,81,242,415,500,220
16,1076,53,478,492,810,469,229,815,236,280,258,81,242,415,500,220
16,1076,54,515,492,810,469,229,815,236,285,278,81,242,415,500,220
16,1076,54,515,526,810,469,229,815,236,285,278,80,242,415,500,220
16,1076,54,515,526,860,469,229,815,236,285,278,80,250,415,500,220
16,1076,54,515,526,860,503,240,815,236,285,278,80,250,440,536,220
16,1076,54,515,526,860,503,240,878,236,285,278,80,250,440,536,234
16,1117,54,515,526,860,503,240,878,240,285,278,80,250,440,536,234
16,1117,56,547,526,860,503,240,878,240,291,293,80,250,440,536,234
16,1117,56,547,565,860,503,240,878,240,291,293,82,250,440,536,234
16,1117,56,547,565,910,503,240,878,240,291,293,82,264,440,536,234
16,1117,56,547,565,910,539,245,878,240,291,293,82,264,465,563,234
16,1117,56,547,565,910,539,245,936,240,291,293,82,264,465,563,243
16,1160,56,547,565,910,539,245,936,248,291,293,82,264,465,563,243
16,1160,57,581,565,910,539,245,936,248,296,308,82,264,465,563,243
16,1160,57,581,594,910,539,245,936,248,296,308,79,264,465,563,243
16,1160,57,581,594,946,539,245,936,248,296,308,79,270,465,563,243
16,1160,57,581,594,946,568,254,936,248,296,308,79,270,484,594,243
16,1160,57,581,594,946,568,254,989,248,296,308,79,270,484,594,253
16,1190,57,581,594,946,568,254,989,250,296,308,79,270,484,594,253
16,1190,55,603,594,946,568,254,989,250,297,315,79,270,484,594,253
16,1190,55,603,627,946,568,254,989,250,297,315,84,270,484,594,253
16,1190,55,603,627,977,568,254,989,250,297,315,84,278,484,594,253
16,1190,55,603,627,977,592,265,989,250,297,315,84,278,500,623,253
16,1190,55,603,627,977,592,265,1036,250,297,315,84,278,500,623,263
16,1219,55,603,627,977,592,265,1036,254,297,315,84,278,500,623,263
16,1219,59,626,627,977,592,265,1036,254,304,324,84,278,500,623,263
16,1219,59,626,655,977,592,265,1036,254,304,324,83,278,500,623,263
16,1219,59,626,655,1001,592,265,1036,254,304,324,83,284,500,623,263
16,1219,59,626,655,1001,608,266,1036,254,304,324,83,284,508,641,263
16,1219,59,626,655,1001,608,266,1085,254,304,324,83,284,508,641,277
16,1247,59,626,655,1001,608,266,1085,259,304,324,83,284,508,641,277
16,1247,59,651,655,1001,608,266,1085,259,307,334,83,284,508,641,277
16,1247,59,651,677,1001,608,266,1085,259,307,334,81,284,508,641,277
16,1247,59,651,677,1020,608,266,1085,259,307,334,81,290,508,641,277
16,1247,59,651,677,1020,631,272,1085,259,307,334,81,290,524,661,277
16,1247,59,651,677,1020,631,272,1130,259,307,334,81,290,524,661,285
16,1278,59,651,677,1020,631,272,1130,265,307,334,81,290,524,661,285
16,1278,64,670,677,1020,631,272,1130,265,316,340,81,290,524,661,285
16,1278,64,670,699,1020,631,272,1130,265,316,340,79,290,524,661,285
16,1278,64,670,699,1036,631,272,1130,265,316,340,79,295,524,661,285
16,1278,64,670,699,1036,644,276,1130,265,316,340,79,295,531,677,285
16,1278,64,670,699,1036,644,276,1168,265,316,340,79,295,531,677,290
16,1304,64,670,699,1036,644,276,1168,272,316,340,79,295,531,677,290
16,1304,64,688,699,1036,644,276,1168,272,319,345,79,295,531,677,290
16,1304,64,688,722,1036,644,276,1168,272,319,345,82,295,531,677,290
16,1304,64,688,722,1054,644,276,1168,272,319,345,82,302,531,677,290
16,1304,64,688,722,1054,661,280,1168,272,319,345,82,302,541,691,290
16,1304,64,688,722,1054,661,280,1205,272,319,345,82,302,541,691,299
16,1322,64,688,722,1054,661,280,1205,276,319,345,82,302,541,691,299
16,1322,61,704,722,1054,661,280,1205,276,320,351,82,302,541,691,299
16,1322,61,704,735,1054,661,280,1205,276,320,351,80,302,541,691,299
16,1322,61,704,735,1069,661,280,1205,276,320,351,80,309,541,691,299
16,1322,61,704,735,1069,669,280,1205,276,320,351,80,309,543,702,299
16,1322,61,704,735,1069,669,280,1237,276,320,351,80,309,543,702,307
16,1334,61,704,735,1069,669,280,1237,275,320,351,80,309,543,702,307
16,1334,64,720,735,1069,669,280,1237,275,325,355,80,309,543,702,307
16,1334,64,720,756,1069,669,280,1237,275,325,355,84,309,543,702,307
16,1334,64,720,756,1069,669,280,1237,275,325,355,84,307,543,702,307
16,1334,64,720,756,1069,686,282,1237,275,325,355,84,307,554,712,307
16,1334,64,720,756,1069,686,282,1259,275,325,355,84,307,554,712,312
16,1349,64,720,756,1069,686,282,1259,280,325,355,84,307,554,712,312
16,1349,61,729,756,1069,686,282,1259,280,326,356,84,307,554,712,312
16,1349,61,729,772,1069,686,282,1259,280,326,356,86,307,554,712,312
16,1349,61,729,772,1080,686,282,1259,280,326,356,86,311,554,712,312
16,1349,61,729,772,1080,692,282,1259,280,326,356,86,311,555,717,312
16,1349,61,729,772,1080,692,282,1273,280,326,356,86,311,555,717,313
16,1364,61,729,772,1080,692,282,1273,287,326,356,86,311,555,717,313
16,1364,68,741,772,1080,692,282,1273,287,336,360,86,311,555,717,313
16,1364,68,741,781,1080,692,282,1273,287,336,360,83,311,555,717,313
16,1364,68,741,781,1081,692,282,1273,287,336,360,83,312,555,717,313
16,1364,68,741,781,1081,700,281,1273,287,336,360,83,312,559,723,313
16,1364,68,741,781,1081,700,281,1291,287,336,360,83,312,559,723,316
16,1368,68,741,781,1081,700,281,1291,286,336,360,83,312,559,723,316
16,1368,64,745,781,1081,700,281,1291,286,335,357,83,312,559,723,316
16,1368,64,745,793,1081,700,281,1291,286,335,357,84,312,559,723,316
16,1368,64,745,793,1082,700,281,1291,286,335,357,84,312,559,723,316
16,1368,64,745,793,1082,702,290,1291,286,335,357,84,312,558,737,316
16,1368,64,745,793,1082,702,290,1300,286,335,357,84,312,558,737,318
16,1378,64,745,793,1082,702,290,1300,293,335,357,84,312,558,737,318
16,1378,68,756,793,1082,702,290,1300,293,341,361,84,312,558,737,318
16,1378,68,756,797,1082,702,290,1300,293,341,361,82,312,558,737,318
16,1378,68,756,797,1087,702,290,1300,293,341,361,82,316,558,737,318
16,1378,68,756,797,1087,709,287,1300,293,341,361,82,316,562,737,318
16,1378,68,756,797,1087,709,287,1311,293,341,361,82,316,562,737,317
16,1386,68,756,797,1087,709,287,1311,295,341,361,82,316,562,737,317
16,1386,67,759,797,1087,709,287,1311,295,343,360,82,316,562,737,317
16,1386,67,759,802,1087,709,287,1311,295,343,360,81,316,562,737,317
16,1386,67,759,802,1082,709,287,1311,295,343,360,81,314,562,737,317
16,1386,67,759,802,1082,715,291,1311,295,343,360,81,314,564,744,317
16,1386,67,759,802,1082,715,291,1323,295,343,360,81,314,564,744,322
16,1388,67,759,802,1082,715,291,1323,298,343,360,81,314,564,744,322
16,1388,68,767,802,1082,715,291,1323,298,346,362,81,314,564,744,322
16,1388,68,767,812,1082,715,291,1323,298,346,362,84,314,564,744,322
16,1388,68,767,812,1082,715,291,1323,298,346,362,84,316,564,744,322
16,1388,68,767,812,1082,720,287,1323,298,346,362,84,316,565,743,322
16,1388,68,767,812,1082,720,287,1323,298,346,362,84,316,565,743,323
16,1398,68,767,812,1082,720,287,1323,303,346,362,84,316,565,743,323
16,1398,68,770,812,1082,720,287,1323,303,348,360,84,316,565,743,323
16,1398,68,770,814,1082,720,287,1323,303,348,360,82,316,565,743,323
16,1398,68,770,814,1080,720,287,1323,303,348,360,82,315,565,743,323
16,1398,68,770,814,1080,723,286,1323,303,348,360,82,315,565,747,323
16,1398,68,770,814,1080,723,286,1327,303,348,360,82,315,565,747,322
16,1398,68,770,814,1080,723,286,1327,303,348,360,82,315,565,747,322
16,1398,67,774,814,1080,723,286,1327,303,349,360,82,315,565,747,322
16,1398,67,774,824,1080,723,286,1327,303,349,360,87,315,565,747,322
16,1398,67,774,824,1077,723,286,1327,303,349,360,87,316,565,747,322
16,1398,67,774,824,1077,718,287,1327,303,349,360,87,316,557,747,322
16,1398,67,774,824,1077,718,287,1328,303,349,360,87,316,557,747,322
16,1389,67,774,824,1077,718,287,1328,300,349,360,87,316,557,747,322
16,1389,67,781,824,1077,718,287,1328,300,351,364,87,316,557,747,322
16,1389,67,781,820,1077,718,287,1328,300,351,364,81,316,557,747,322
16,1389,67,781,820,1073,718,287,1328,300,351,364,81,313,557,747,322
16,1389,67,781,820,1073,724,288,1328,300,351,364,81,313,560,750,322
16,1389,67,781,820,1073,724,288,1336,300,351,364,81,313,560,750,328
16,1394,67,781,820,1073,724,288,1336,302,351,364,81,313,560,750,328
16,1394,65,781,820,1073,724,288,1336,302,352,360,81,313,560,750,328
16,1394,65,781,825,1073,724,288,1336,302,352,360,85,313,560,750,328
16,1394,65,781,825,1069,724,288,1336,302,352,360,85,313,560,750,328
16,1394,65,781,825,1069,723,287,1336,302,352,360,85,313,557,750,328
16,1394,65,781,825,1069,723,287,1335,302,352,360,85,313,557,750,324
16,1398,65,781,825,1069,723,287,1335,304,352,360,85,313,557,750,324
16,1398,65,780,825,1069,723,287,1335,304,353,358,85,313,557,750,324
16,1398,65,780,827,1069,723,287,1335,304,353,358,85,313,557,750,324
16,1398,65,780,827,1065,723,287,1335,304,353,358,85,311,557,750,324
16,1398,65,780,827,1065,723,286,1335,304,353,358,85,311,555,750,324
16,1398,65,780,827,1065,723,286,1342,304,353,358,85,311,555,750,330
16,1398,65,780,827,1065,723,286,1342,305,353,358,85,311,555,750,330
16,1398,65,781,827,1065,723,286,1342,305,355,356,85,311,555,750,330
16,1398,65,781,834,1065,723,286,1342,305,355,356,89,311,555,750,330
16,1398,65,781,834,1063,723,286,1342,305,355,356,89,312,555,750,330
16,1398,65,781,834,1063,726,286,1342,305,355,356,89,312,556,751,330
16,1398,65,781,834,1063,726,286,1346,305,355,356,89,312,556,751,331
16,1405,65,781,834,1063,726,286,1346,309,355,356,89,312,556,751,331
16,1405,66,786,834,1063,726,286,1346,309,358,359,89,312,556,751,331
16,1405,66,786,827,1063,726,286,1346,309,358,359,84,312,556,751,331
16,1405,66,786,827,1063,726,286,1346,309,358,359,84,316,556,751,331
16,1405,66,786,827,1063,730,287,1346,309,358,359,84,316,558,752,331
16,1405,66,786,827,1063,730,287,1341,309,358,359,84,316,558,752,327
16,1409,66,786,827,1063,730,287,1341,313,358,359,84,316,558,752,327
16,1409,67,786,827,1063,730,287,1341,313,360,357,84,316,558,752,327
16,1409,67,786,830,1063,730,287,1341,313,360,357,84,316,558,752,327
16,1409,67,786,830,1059,730,287,1341,313,360,357,84,314,558,752,327
16,1409,67,786,830,1059,723,287,1341,313,360,357,84,314,551,753,327
16,1409,67,786,830,1059,723,287,1338,313,360,357,84,314,551,753,324
16,1403,67,786,830,1059,723,287,1338,309,360,357,84,314,551,753,324
16,1403,67,790,830,1059,723,287,1338,309,362,359,84,314,551,753,324
16,1403,67,790,835,1059,723,287,1338,309,362,359,88,314,551,753,324
16,1403,67,790,835,1051,723,287,1338,309,362,359,88,310,551,753,324
16,1403,67,790,835,1051,729,286,1338,309,362,359,88,310,556,752,324
16,1403,67,790,835,1051,729,286,1342,309,362,359,88,310,556,752,324
16,1407,67,790,835,1051,729,286,1342,312,362,359,88,310,556,752,324
16,1407,68,783,835,1051,729,286,1342,312,364,352,88,310,556,752,324
16,1407,68,783,838,1051,729,286,1342,312,364,352,90,310,556,752,324
16,1407,68,783,838,1048,729,286,1342,312,364,352,90,310,556,752,324
16,1407,68,783,838,1048,728,288,1342,312,364,352,90,310,554,754,324
16,1407,68,783,838,1048,728,288,1348,312,364,352,90,310,554,754,329
16,1409,68,783,838,1048,728,288,1348,315,364,352,90,310,554,754,329
16,1409,70,794,838,1048,728,288,1348,315,368,360,90,310,554,754,329
16,1409,70,794,835,1048,728,288,1348,315,368,360,86,310,554,754,329
16,1409,70,794,835,1051,728,288,1348,315,368,360,86,312,554,754,329
16,1409,70,794,835,1051,733,288,1348,315,368,360,86,312,558,756,329
16,1409,70,794,835,1051,733,288,1347,315,368,360,86,312,558,756,326
16,1408,70,794,835,1051,733,288,1347,313,368,360,86,312,558,756,326
16,1408,66,790,835,1051,733,288,1347,313,366,355,86,312,558,756,326
16,1408,66,790,838,1051,733,288,1347,313,366,355,87,312,558,756,326
16,1408,66,790,838,1053,733,288,1347,313,366,355,87,317,558,756,326
16,1408,66,790,838,1053,733,289,1347,313,366,355,87,317,557,757,326
16,1408,66,790,838,1053,733,289,1349,313,366,355,87,317,557,757,327
16,1408,66,790,838,1053,733,289,1349,314,366,355,87,317,557,757,327
16,1408,66,793,838,1053,733,289,1349,314,366,357,87,317,557,757,327
16,1408,66,793,839,1053,733,289,1349,314,366,357,89,317,557,757,327
16,1408,66,793,839,1045,733,289,1349,314,366,357,89,313,557,757,327
16,1408,66,793,839,1045,729,288,1349,314,366,357,89,313,552,756,327
16,1408,66,793,839,1045,729,288,1352,314,366,357,89,313,552,756,331
16,1409,66,793,839,1045,729,288,1352,318,366,357,89,313,552,756,331
16,1409,73,789,839,1045,729,288,1352,318,376,353,89,313,552,756,331
16,1409,73,789,837,1045,729,288,1352,318,376,353,87,313,552,756,331
16,1409,73,789,837,1042,729,288,1352,318,376,353,87,310,552,756,331
16,1409,73,789,837,1042,729,285,1352,318,376,353,87,310,551,752,331
16,1409,73,789,837,1042,729,285,1343,318,376,353,87,310,551,752,325
16,1402,73,789,837,1042,729,285,1343,318,376,353,87,310,551,752,325
16,1402,70,790,837,1042,729,285,1343,318,373,353,87,310,551,752,325
16,1402,70,790,842,1042,729,285,1343,318,373,353,91,310,551,752,325
16,1402,70,790,842,1043,729,285,1343,318,373,353,91,313,551,752,325
16,1402,70,790,842,1043,728,282,1343,318,373,353,91,313,550,749,325
16,1402,70,790,842,1043,728,282,1345,318,373,353,91,313,550,749,329
16,1409,70,790,842,1043,728,282,1345,321,373,353,91,313,550,749,329
16,1409,68,792,842,1043,728,282,1345,321,373,352,91,313,550,749,329
16,1409,68,792,837,1043,728,282,1345,321,373,352,87,313,550,749,329
16,1409,68,792,837,1038,728,282,1345,321,373,352,87,312,550,749,329
16,1409,68,792,837,1038,730,286,1345,321,373,352,87,312,550,754,329
16,1409,68,792,837,1038,730,286,1347,321,373,352,87,312,550,754,333
16,1407,68,792,837,1038,730,286,1347,321,373,352,87,312,550,754,333
16,1407,69,797,837,1038,730,286,1347,321,374,356,87,312,550,754,333
16,1407,69,797,837,1038,730,286,1347,321,374,356,88,312,550,754,333
16,1407,69,797,837,1030,730,286,1347,321,374,356,88,308,550,754,333
16,1407,69,797,837,1030,727,288,1347,321,374,356,88,308,548,756,333
16,1407,69,797,837,1030,727,288,1336,321,374,356,88,308,548,756,328
16,1403,69,797,837,1030,727,288,1336,319,374,356,88,308,548,756,328
16,1403,69,796,837,1030,727,288,1336,319,376,355,88,308,548,756,328
16,1403,69,796,837,1030,727,288,1336,319,376,355,88,308,548,756,328
16,1403,69,796,837,1031,727,288,1336,319,376,355,88,310,548,756,328
16,1403,69,796,837,1031,726,284,1336,319,376,355,88,310,547,753,328
16,1403,69,796,837,1031,726,284,1345,319,376,355,88,310,547,753,332
16,1406,69,796,837,1031,726,284,1345,321,376,355,88,310,547,753,332
16,1406,65,792,837,1031,726,284,1345,321,373,352,88,310,547,753,332
16,1406,65,792,841,1031,726,284,1345,321,373,352,92,310,547,753,332
16,1406,65,792,841,1030,726,284,1345,321,373,352,92,311,547,753,332
16,1406,65,792,841,1030,726,283,1345,321,373,352,92,311,547,753,332
16,1406,65,792,841,1030,726,283,1336,321,373,352,92,311,547,753,329
16,1403,65,792,841,1030,726,283,1336,320,373,352,92,311,547,753,329
16,1403,70,797,841,1030,726,283,1336,320,379,355,92,311,547,753,329
16,1403,70,797,841,1030,726,283,1336,320,379,355,92,311,547,753,329
16,1403,70,797,841,1027,726,283,1336,320,379,355,92,310,547,753,329
16,1403,70,797,841,1027,723,285,1336,320,379,355,92,310,544,755,329
16,1403,70,797,841,1027,723,285,1339,320,379,355,92,310,544,755,330
16,1402,70,797,841,1027,723,285,1339,325,379,355,92,310,544,755,330
16,1402,69,796,841,1027,723,285,1339,325,379,353,92,310,544,755,330
16,1402,69,796,835,1027,723,285,1339,325,379,353,88,310,544,755,330
16,1402,69,796,835,1018,723,285,1339,325,379,353,88,306,544,755,330
16,1402,69,796,835,1018,727,287,1339,325,379,353,88,306,545,758,330
16,1402,69,796,835,1018,727,287,1336,325,379,353,88,306,545,758,328
16,1400,69,796,835,1018,727,287,1336,320,379,353,88,306,545,758,328
16,1400,66,800,835,1018,727,287,1336,320,377,355,88,306,545,758,328
16,1400,66,800,839,1018,727,287,1336,320,377,355,91,306,545,758,328
16,1400,66,800,839,1022,727,287,1336,320,377,355,91,309,545,758,328
16,1400,66,800,839,1022,731,287,1336,320,377,355,91,309,549,758,328
16,1400,66,800,839,1022,731,287,1338,320,377,355,91,309,549,758,330
16,1404,66,800,839,1022,731,287,1338,325,377,355,91,309,549,758,330
16,1404,70,798,839,1022,731,287,1338,325,382,353,91,309,549,758,330
16,1404,70,798,839,1022,731,287,1338,325,382,353,92,309,549,758,330
16,1404,70,798,839,1017,731,287,1338,325,382,353,92,307,549,758,330
16,1404,70,798,839,1017,730,283,1338,325,382,353,92,307,547,754,330
16,1404,70,798,839,1017,730,283,1335,325,382,353,92,307,547,754,328
16,1402,70,798,839,1017,730,283,1335,323,382,353,92,307,547,754,328
16,1402,66,793,839,1017,730,283,1335,323,379,349,92,307,547,754,328
16,1402,66,793,839,1017,730,283,1335,323,379,349,92,307,547,754,328
16,1402,66,793,839,1021,730,283,1335,323,379,349,92,313,547,754,328
16,1402,66,793,839,1021,730,281,1335,323,379,349,92,313,547,752,328
16,1402,66,793,839,1021,730,281,1336,323,379,349,92,313,547,752,331
16,1404,66,793,839,1021,730,281,1336,328,379,349,92,313,547,752,331
16,1404,70,798,839,1021,730,281,1336,328,383,353,92,313,547,752,331
16,1404,70,798,840,1021,730,281,1336,328,383,353,91,313,547,752,331
16,1404,70,798,840,1015,730,281,1336,328,383,353,91,309,547,752,331
16,1404,70,798,840,1015,729,284,1336,328,383,353,91,309,544,755,331
16,1404,70,798,840,1015,729,284,1329,328,383,353,91,309,544,755,326
16,1397,70,798,840,1015,729,284,1329,324,383,353,91,309,544,755,326
16,1397,66,794,840,1015,729,284,1329,324,381,348,91,309,544,755,326
16,1397,66,794,836,1015,729,284,1329,324,381,348,88,309,544,755,326
16,1397,66,794,836,1016,729,284,1329,324,381,348,88,311,544,755,326
16,1397,66,794,836,1016,731,284,1329,324,381,348,88,311,546,756,326
16,1397,66,794,836,1016,731,284,1330,324,381,348,88,311,546,756,327
16,1402,66,794,836,1016,731,284,1330,327,381,348,88,311,546,756,327
16,1402,71,799,836,1016,731,284,1330,327,387,353,88,311,546,756,327
16,1402,71,799,836,1016,731,284,1330,327,387,353,91,311,546,756,327
16,1402,71,799,836,1011,731,284,1330,327,387,353,91,308,546,756,327
16,1402,71,799,836,1011,731,283,1330,327,387,353,91,308,545,754,327
16,1402,71,799,836,1011,731,283,1326,327,387,353,91,308,545,754,327
16,1398,71,799,836,1011,731,283,1326,327,387,353,91,308,545,754,327
16,1398,66,796,836,1011,731,283,1326,327,382,350,91,308,545,754,327
16,1398,66,796,840,1011,731,283,1326,327,382,350,93,308,545,754,327
16,1398,66,796,840,1004,731,283,1326,327,382,350,93,305,545,754,327
16,1398,66,796,840,1004,729,283,1326,327,382,350,93,305,542,755,327
16,1398,66,796,840,1004,729,283,1328,327,382,350,93,305,542,755,329
16,1398,66,796,840,1004,729,283,1328,328,382,350,93,305,542,755,329
16,1398,68,800,840,1004,729,283,1328,328,386,353,93,305,542,755,329
16,1398,68,800,841,1004,729,283,1328,328,386,353,95,305,542,755,329
16,1398,68,800,841,1004,729,283,1328,328,386,353,95,307,542,755,329
16,1398,68,800,841,1004,731,283,1328,328,386,353,95,307,544,755,329
16,1398,68,800,841,1004,731,283,1327,328,386,353,95,307,544,755,331
16,1398,68,800,841,1004,731,283,1327,329,386,353,95,307,544,755,331
16,1398,67,794,841,1004,731,283,1327,329,384,348,95,307,544,755,331
16,1398,67,794,833,1004,731,283,1327,329,384,348,88,307,544,755,331
16,1398,67,794,833,1006,731,283,1327,329,384,348,88,308,544,755,331
16,1398,67,794,833,1006,727,284,1327,329,384,348,88,308,540,756,331
16,1398,67,794,833,1006,727,284,1324,329,384,348,88,308,540,756,330
16,1399,67,794,833,1006,727,284,1324,330,384,348,88,308,540,756,330
16,1399,70,799,833,1006,727,284,1324,330,390,352,88,308,540,756,330
16,1399,70,799,837,1006,727,284,1324,330,390,352,92,308,540,756,330
16,1399,70,799,837,1003,727,284,1324,330,390,352,92,309,540,756,330
16,1399,70,799,837,1003,726,282,1324,330,390,352,92,309,540,754,330
16,1399,70,799,837,1003,726,282,1319,330,390,352,92,309,540,754,327
16,1399,70,799,837,1003,726,282,1319,330,390,352,92,309,540,754,327
16,1399,64,797,837,1003,726,282,1319,330,383,350,92,309,540,754,327
16,1399,64,797,839,1003,726,282,1319,330,383,350,95,309,540,754,327
16,1399,64,797,839,999,726,282,1319,330,383,350,95,306,540,754,327
16,1399,64,797,839,999,729,283,1319,330,383,350,95,306,543,756,327
16,1399,64,797,839,999,729,283,1321,330,383,350,95,306,543,756,330
16,1395,64,797,839,999,729,283,1321,330,383,350,95,306,543,756,330
16,1395,70,797,839,999,729,283,1321,330,391,349,95,306,543,756,330
16,1395,70,797,838,999,729,283,1321,330,391,349,93,306,543,756,330
16,1395,70,797,838,998,729,283,1321,330,391,349,93,307,543,756,330
16,1395,70,797,838,998,730,284,1321,330,391,349,93,307,543,757,330
16,1395,70,797,838,998,730,284,1316,330,391,349,93,307,543,757,326
16,1394,70,797,838,998,730,284,1316,330,391,349,93,307,543,757,326
16,1394,73,793,838,998,730,284,1316,330,395,346,93,307,543,757,326
16,1394,73,793,835,998,730,284,1316,330,395,346,92,307,543,757,326
16,1394,73,793,835,1000,730,284,1316,330,395,346,92,309,543,757,326
16,1394,73,793,835,1000,731,284,1316,330,395,346,92,309,544,756,326
16,1394,73,793,835,1000,731,284,1314,330,395,346,92,309,544,756,325
16,1386,73,793,835,1000,731,284,1314,326,395,346,92,309,544,756,325
16,1386,67,794,835,1000,731,284,1314,326,389,346,92,309,544,756,325
16,1386,67,794,841,1000,731,284,1314,326,389,346,96,309,544,756,325
16,1386,67,794,841,998,731,284,1314,326,389,346,96,309,544,756,325
16,1386,67,794,841,998,726,281,1314,326,389,346,96,309,538,754,325
16,1386,67,794,841,998,726,281,1319,326,389,346,96,309,538,754,330
16,1390,67,794,841,998,726,281,1319,328,389,346,96,309,538,754,330
16,1390,68,793,841,998,726,281,1319,328,391,346,96,309,538,754,330
16,1390,68,793,836,998,726,281,1319,328,391,346,93,309,538,754,330
16,1390,68,793,836,994,726,281,1319,328,391,346,93,308,538,754,330
16,1390,68,793,836,994,726,279,1319,328,391,346,93,308,538,751,330
16,1390,68,793,836,994,726,279,1315,328,391,346,93,308,538,751,328
16,1388,68,793,836,994,726,279,1315,330,391,346,93,308,538,751,328
16,1388,71,799,836,994,726,279,1315,330,393,350,93,308,538,751,328
16,1388,71,799,832,994,726,279,1315,330,393,350,90,308,538,751,328
16,1388,71,799,832,991,726,279,1315,330,393,350,90,305,538,751,328
16,1388,71,799,832,991,725,278,1315,330,393,350,90,305,538,750,328
16,1388,71,799,832,991,725,278,1312,330,393,350,90,305,538,750,328
16,1386,71,799,832,991,725,278,1312,331,393,350,90,305,538,750,328
16,1386,70,793,832,991,725,278,1312,331,393,345,90,305,538,750,328
16,1386,70,793,834,991,725,278,1312,331,393,345,93,305,538,750,328
16,1386,70,793,834,991,725,278,1312,331,393,345,93,308,538,750,328
16,1386,70,793,834,991,728,276,1312,331,393,345,93,308,541,747,328
16,1386,70,793,834,991,728,276,1307,331,393,345,93,308,541,747,326
16,1387,70,793,834,991,728,276,1307,332,393,345,93,308,541,747,326
16,1387,72,798,834,991,728,276,1307,332,396,349,93,308,541,747,326
16,1387,72,798,834,991,728,276,1307,332,396,349,92,308,541,747,326
16,1387,72,798,834,985,728,276,1307,332,396,349,92,303,541,747,326
16,1387,72,798,834,985,728,285,1307,332,396,349,92,303,542,756,326
16,1387,72,798,834,985,728,285,1311,332,396,349,92,303,542,756,331
16,1387,72,798,834,985,728,285,1311,330,396,349,92,303,542,756,331
16,1387,71,797,834,985,728,285,1311,330,396,347,92,303,542,756,331
16,1387,71,797,835,985,728,285,1311,330,396,347,94,303,542,756,331
16,1387,71,797,835,982,728,285,1311,330,396,347,94,302,542,756,331
16,1387,71,797,835,982,723,279,1311,330,396,347,94,302,537,749,331
16,1387,71,797,835,982,723,279,1304,330,396,347,94,302,537,749,328
16,1383,71,797,835,982,723,279,1304,329,396,347,94,302,537,749,328
16,1383,65,797,835,982,723,279,1304,329,390,346,94,302,537,749,328
16,1383,65,797,838,982,723,279,1304,329,390,346,96,302,537,749,328
16,1383,65,797,838,982,723,279,1304,329,390,346,96,306,537,749,328
16,1383,65,797,838,982,724,283,1304,329,390,346,96,306,538,754,328
16,1383,65,797,838,982,724,283,1304,329,390,346,96,306,538,754,327
16,1381,65,797,838,982,724,283,1304,328,390,346,96,306,538,754,327
16,1381,69,797,838,982,724,283,1304,328,395,346,96,306,538,754,327
16,1381,69,797,839,982,724,283,1304,328,395,346,98,306,538,754,327
16,1381,69,797,839,983,724,283,1304,328,395,346,98,307,538,754,327
16,1381,69,797,839,983,728,279,1304,328,395,346,98,307,543,749,327
16,1381,69,797,839,983,728,279,1303,328,395,346,98,307,543,749,328
16,1386,69,797,839,983,728,279,1303,332,395,346,98,307,543,749,328
16,1386,71,795,839,983,728,279,1303,332,397,344,98,307,543,749,328
16,1386,71,795,836,983,728,279,1303,332,397,344,97,307,543,749,328
16,1386,71,795,836,980,728,279,1303,332,397,344,97,305,543,749,328
16,1386,71,795,836,980,722,280,1303,332,397,344,97,305,537,751,328
16,1386,71,795,836,980,722,280,1299,332,397,344,97,305,537,751,329
16,1385,71,795,836,980,722,280,1299,332,397,344,97,305,537,751,329
16,1385,70,795,836,980,722,280,1299,332,398,344,97,305,537,751,329
16,1385,70,795,840,980,722,280,1299,332,398,344,99,305,537,751,329
16,1385,70,795,840,983,722,280,1299,332,398,344,99,308,537,751,329
16,1385,70,795,840,983,722,282,1299,332,398,344,99,308,538,753,329
16,1385,70,795,840,983,722,282,1295,332,398,344,99,308,538,753,328
16,1383,70,795,840,983,722,282,1295,332,398,344,99,308,538,753,328
16,1383,69,796,840,983,722,282,1295,332,396,346,99,308,538,753,328
16,1383,69,796,835,983,722,282,1295,332,396,346,95,308,538,753,328
16,1383,69,796,835,980,722,282,1295,332,396,346,95,307,538,753,328
16,1383,69,796,835,980,719,276,1295,332,396,346,95,307,535,746,328
16,1383,69,796,835,980,719,276,1293,332,396,346,95,307,535,746,326
16,1379,69,796,835,980,719,276,1293,329,396,346,95,307,535,746,326
16,1379,71,800,835,980,719,276,1293,329,400,349,95,307,535,746,326
16,1379,71,800,835,980,719,276,1293,329,400,349,96,307,535,746,326
16,1379,71,800,835,979,719,276,1293,329,400,349,96,308,535,746,326
16,1379,71,800,835,979,725,284,1293,329,400,349,96,308,540,754,326
16,1379,71,800,835,979,725,284,1286,329,400,349,96,308,540,754,325
16,1382,71,800,835,979,725,284,1286,334,400,349,96,308,540,754,325
16,1382,72,798,835,979,725,284,1286,334,400,347,96,308,540,754,325
16,1382,72,798,838,979,725,284,1286,334,400,347,99,308,540,754,325
16,1382,72,798,838,972,725,284,1286,334,400,347,99,303,540,754,325
16,1382,72,798,838,972,722,276,1286,334,400,347,99,303,538,744,325
16,1382,72,798,838,972,722,276,1289,334,400,347,99,303,538,744,326
16,1379,72,798,838,972,722,276,1289,333,400,347,99,303,538,744,326
16,1379,69,796,838,972,722,276,1289,333,397,347,99,303,538,744,326
16,1379,69,796,836,972,722,276,1289,333,397,347,97,303,538,744,326
16,1379,69,796,836,976,722,276,1289,333,397,347,97,307,538,744,326
16,1379,69,796,836,976,719,281,1289,333,397,347,97,307,535,749,326
16,1379,69,796,836,976,719,281,1289,333,397,347,97,307,535,749,329
16,1379,69,796,836,976,719,281,1289,335,397,347,97,307,535,749,329
16,1379,68,792,836,976,719,281,1289,335,397,342,97,307,535,749,329
16,1379,68,792,837,976,719,281,1289,335,397,342,99,307,535,749,329
16,1379,68,792,837,972,719,281,1289,335,397,342,99,305,535,749,329
16,1379,68,792,837,972,720,276,1289,335,397,342,99,305,536,745,329
16,1379,68,792,837,972,720,276,1293,335,397,342,99,305,536,745,332
16,1378,68,792,837,972,720,276,1293,334,397,342,99,305,536,745,332
16,1378,68,794,837,972,720,276,1293,334,398,344,99,305,536,745,332
16,1378,68,794,834,972,720,276,1293,334,398,344,96,305,536,745,332
16,1378,68,794,834,973,720,276,1293,334,398,344,96,306,536,745,332
16,1378,68,794,834,973,719,280,1293,334,398,344,96,306,535,749,332
16,1378,68,794,834,973,719,280,1289,334,398,344,96,306,535,749,330
16,1377,68,794,834,973,719,280,1289,332,398,344,96,306,535,749,330
16,1377,72,802,834,973,719,280,1289,332,402,351,96,306,535,749,330
16,1377,72,802,832,973,719,280,1289,332,402,351,95,306,535,749,330
16,1377,72,802,832,970,719,280,1289,332,402,351,95,305,535,749,330
16,1377,72,802,832,970,722,281,1289,332,402,351,95,305,538,748,330
16,1377,72,802,832,970,722,281,1288,332,402,351,95,305,538,748,329
16,1379,72,802,832,970,722,281,1288,335,402,351,95,305,538,748,329
16,1379,67,798,832,970,722,281,1288,335,398,347,95,305,538,748,329
16,1379,67,798,833,970,722,281,1288,335,398,347,95,305,538,748,329
16,1379,67,798,833,972,722,281,1288,335,398,347,95,307,538,748,329
16,1379,67,798,833,972,720,278,1288,335,398,347,95,307,536,746,329
16,1379,67,798,833,972,720,278,1282,335,398,347,95,307,536,746,326
16,1377,67,798,833,972,720,278,1282,333,398,347,95,307,536,746,326
16,1377,67,801,833,972,720,278,1282,333,398,349,95,307,536,746,326
16,1377,67,801,834,972,720,278,1282,333,398,349,96,307,536,746,326
16,1377,67,801,834,970,720,278,1282,333,398,349,96,305,536,746,326
16,1377,67,801,834,970,726,281,1282,333,398,349,96,305,540,749,326
16,1377,67,801,834,970,726,281,1285,333,398,349,96,305,540,749,329
16,1377,67,801,834,970,726,281,1285,333,398,349,96,305,540,749,329
16,1377,68,798,834,970,726,281,1285,333,400,347,96,305,540,749,329
16,1377,68,798,833,970,726,281,1285,333,400,347,96,305,540,749,329
16,1377,68,798,833,970,726,281,1285,333,400,347,96,305,540,749,329
16,1377,68,798,833,970,726,281,1285,333,400,347,96,305,540,748,329
16,1377,68,798,833,970,726,281,1284,333,400,347,96,305,540,748,331
16,1381,68,798,833,970,726,281,1284,337,400,347,96,305,540,748,331
16,1381,68,797,833,970,726,281,1284,337,401,345,96,305,540,748,331
16,1381,68,797,834,970,726,281,1284,337,401,345,97,305,540,748,331
16,1381,68,797,834,972,726,281,1284,337,401,345,97,308,540,748,331
16,1381,68,797,834,972,727,280,1284,337,401,345,97,308,541,747,331
16,1381,68,797,834,972,727,280,1285,337,401,345,97,308,541,747,331
16,1376,68,797,834,972,727,280,1285,333,401,345,97,308,541,747,331
16,1376,71,799,834,972,727,280,1285,333,405,348,97,308,541,747,331
16,1376,71,799,836,972,727,280,1285,333,405,348,100,308,541,747,331
16,1376,71,799,836,970,727,280,1285,333,405,348,100,307,541,747,331
16,1376,71,799,836,970,726,281,1285,333,405,348,100,307,539,750,331
16,1376,71,799,836,970,726,281,1287,333,405,348,100,307,539,750,329
16,1377,71,799,836,970,726,281,1287,332,405,348,100,307,539,750,329
16,1377,72,797,836,970,726,281,1287,332,405,345,100,307,539,750,329
16,1377,72,797,838,970,726,281,1287,332,405,345,99,307,539,750,329
16,1377,72,797,838,967,726,281,1287,332,405,345,99,304,539,750,329
16,1377,72,797,838,967,725,281,1287,332,405,345,99,304,539,751,329
16,1377,72,797,838,967,725,281,1289,332,405,345,99,304,539,751,329
16,1384,72,797,838,967,725,281,1289,337,405,345,99,304,539,751,329
16,1384,73,803,838,967,725,281,1289,337,406,350,99,304,539,751,329
16,1384,73,803,838,967,725,281,1289,337,406,350,99,304,539,751,329
16,1384,73,803,838,968,725,281,1289,337,406,350,99,305,539,751,329
16,1384,73,803,838,968,727,284,1289,337,406,350,99,305,542,755,329
16,1384,73,803,838,968,727,284,1294,337,406,350,99,305,542,755,331
16,1379,73,803,838,968,727,284,1294,334,406,350,99,305,542,755,331
16,1379,69,805,838,968,727,284,1294,334,402,352,99,305,542,755,331
16,1379,69,805,839,968,727,284,1294,334,402,352,100,305,542,755,331
16,1379,69,805,839,972,727,284,1294,334,402,352,100,309,542,755,331
16,1379,69,805,839,972,728,282,1294,334,402,352,100,309,542,753,331
16,1379,69,805,839,972,728,282,1291,334,402,352,100,309,542,753,331
16,1380,69,805,839,972,728,282,1291,334,402,352,100,309,542,753,331
16,1380,72,800,839,972,728,282,1291,334,406,346,100,309,542,753,331
16,1380,72,800,838,972,728,282,1291,334,406,346,99,309,542,753,331
16,1380,72,800,838,969,728,282,1291,334,406,346,99,306,542,753,331
16,1380,72,800,838,969,726,280,1291,334,406,346,99,306,541,751,331
16,1380,72,800,838,969,726,280,1293,334,406,346,99,306,541,751,332
16,1377,72,800,838,969,726,280,1293,334,406,346,99,306,541,751,332
16,1377,69,806,838,969,726,280,1293,334,403,352,99,306,541,751,332
16,1377,69,806,839,969,726,280,1293,334,403,352,99,306,541,751,332
16,1377,69,806,839,975,726,280,1293,334,403,352,99,311,541,751,332
16,1377,69,806,839,975,727,281,1293,334,403,352,99,311,542,752,332
16,1377,69,806,839,975,727,281,1298,334,403,352,99,311,542,752,336
16,1384,69,806,839,975,727,281,1298,338,403,352,99,311,542,752,336
16,1384,70,802,839,975,727,281,1298,338,405,349,99,311,542,752,336
16,1384,70,802,842,975,727,281,1298,338,405,349,101,311,542,752,336
16,1384,70,802,842,970,727,281,1298,338,405,349,101,308,542,752,336
16,1384,70,802,842,970,730,285,1298,338,405,349,101,308,545,758,336
16,1384,70,802,842,970,730,285,1297,338,405,349,101,308,545,758,337
16,1377,70,802,842,970,730,285,1297,334,405,349,101,308,545,758,337
16,1377,68,803,842,970,730,285,1297,334,404,348,101,308,545,758,337
16,1377,68,803,844,970,730,285,1297,334,404,348,102,308,545,758,337
16,1377,68,803,844,973,730,285,1297,334,404,348,102,311,545,758,337
16,1377,68,803,844,973,730,286,1297,334,404,348,102,311,546,759,337
16,1377,68,803,844,973,730,286,1292,334,404,348,102,311,546,759,334
16,1382,68,803,844,973,730,286,1292,339,404,348,102,311,546,759,334
16,1382,66,808,844,973,730,286,1292,339,402,352,102,311,546,759,334
16,1382,66,808,844,973,730,286,1292,339,402,352,102,311,546,759,334
16,1382,66,808,844,975,730,286,1292,339,402,352,102,312,546,759,334
16,1382,66,808,844,975,731,285,1292,339,402,352,102,312,545,757,334
16,1382,66,808,844,975,731,285,1295,339,402,352,102,312,545,757,336
16,1380,66,808,844,975,731,285,1295,339,402,352,102,312,545,757,336
16,1380,68,810,844,975,731,285,1295,339,404,353,102,312,545,757,336
16,1380,68,810,842,975,731,285,1295,339,404,353,99,312,545,757,336
16,1380,68,810,842,968,731,285,1295,339,404,353,99,308,545,757,336
16,1380,68,810,842,968,733,281,1295,339,404,353,99,308,548,755,336
16,1380,68,810,842,968,733,281,1289,339,404,353,99,308,548,755,331
16,1382,68,810,842,968,733,281,1289,338,404,353,99,308,548,755,331
16,1382,71,809,842,968,733,281,1289,338,407,353,99,308,548,755,331
16,1382,71,809,844,968,733,281,1289,338,407,353,100,308,548,755,331
16,1382,71,809,844,970,733,281,1289,338,407,353,100,309,548,755,331
16,1382,71,809,844,970,730,287,1289,338,407,353,100,309,544,760,331
16,1382,71,809,844,970,730,287,1289,338,407,353,100,309,544,760,333
16,1377,71,809,844,970,730,287,1289,338,407,353,100,309,544,760,333
16,1377,66,806,844,970,730,287,1289,338,403,350,100,309,544,760,333
16,1377,66,806,848,970,730,287,1289,338,403,350,103,309,544,760,333
16,1377,66,806,848,971,730,287,1289,338,403,350,103,311,544,760,333
16,1377,66,806,848,971,733,280,1289,338,403,350,103,311,547,752,333
16,1377,66,806,848,971,733,280,1290,338,403,350,103,311,547,752,333
16,1375,66,806,848,971,733,280,1290,335,403,350,103,311,547,752,333
16,1375,70,810,848,971,733,280,1290,335,408,353,103,311,547,752,333
16,1375,70,810,847,971,733,280,1290,335,408,353,103,311,547,752,333
16,1375,70,810,847,969,733,280,1290,335,408,353,103,310,547,752,333
16,1375,70,810,847,969,734,283,1290,335,408,353,103,310,547,756,333
16,1375,70,810,847,969,734,283,1290,335,408,353,103,310,547,756,334
16,1380,70,810,847,969,734,283,1290,337,408,353,103,310,547,756,334
16,1380,70,811,847,969,734,283,1290,337,408,353,103,310,547,756,334
16,1380,70,811,845,969,734,283,1290,337,408,353,100,310,547,756,334
16,1380,70,811,845,968,734,283,1290,337,408,353,100,310,547,756,334
16,1380,70,811,845,968,737,285,1290,337,408,353,100,310,551,758,334
16,1380,70,811,845,968,737,285,1291,337,408,353,100,310,551,758,337
16,1378,70,811,845,968,737,285,1291,336,408,353,100,310,551,758,337
16,1378,73,813,845,968,737,285,1291,336,412,354,100,310,551,758,337
16,1378,73,813,851,968,737,285,1291,336,412,354,105,310,551,758,337
16,1378,73,813,851,968,737,285,1291,336,412,354,105,311,551,758,337
16,1378,73,813,851,968,730,290,1291,336,412,354,105,311,545,763,337
16,1378,73,813,851,968,730,290,1294,336,412,354,105,311,545,763,339
16,1379,73,813,851,968,730,290,1294,341,412,354,105,311,545,763,339
16,1379,71,811,851,968,730,290,1294,341,410,353,105,311,545,763,339
16,1379,71,811,845,968,730,290,1294,341,410,353,99,311,545,763,339
16,1379,71,811,845,971,730,290,1294,341,410,353,99,313,545,763,339
16,1379,71,811,845,971,735,288,1294,341,410,353,99,313,549,761,339
16,1379,71,811,845,971,735,288,1292,341,410,353,99,313,549,761,337
16,1380,71,811,845,971,735,288,1292,339,410,353,99,313,549,761,337
16,1380,71,810,845,971,735,288,1292,339,412,353,99,313,549,761,337
16,1380,71,810,848,971,735,288,1292,339,412,353,102,313,549,761,337
16,1380,71,810,848,966,735,288,1292,339,412,353,102,310,549,761,337
16,1380,71,810,848,966,728,286,1292,339,412,353,102,310,542,758,337
16,1380,71,810,848,966,728,286,1293,339,412,353,102,310,542,758,338
16,1378,71,810,848,966,728,286,1293,341,412,353,102,310,542,758,338
16,1378,67,811,848,966,728,286,1293,341,407,351,102,310,542,758,338
16,1378,67,811,852,966,728,286,1293,341,407,351,105,310,542,758,338
16,1378,67,811,852,971,728,286,1293,341,407,351,105,314,542,758,338
16,1378,67,811,852,971,737,285,1293,341,407,351,105,314,549,758,338
16,1378,67,811,852,971,737,285,1287,341,407,351,105,314,549,758,337
16,1374,67,811,852,971,737,285,1287,338,407,351,105,314,549,758,337
16,1374,71,809,852,971,737,285,1287,338,411,350,105,314,549,758,337
16,1374,71,809,851,971,737,285,1287,338,411,350,105,314,549,758,337
16,1374,71,809,851,965,737,285,1287,338,411,350,105,310,549,758,337
16,1374,71,809,851,965,731,283,1287,338,411,350,105,310,544,757,337
16,1374,71,809,851,965,731,283,1281,338,411,350,105,310,544,757,335
16,1382,71,809,851,965,731,283,1281,344,411,350,105,310,544,757,335
16,1382,70,815,851,965,731,283,1281,344,411,355,105,310,544,757,335
16,1382,70,815,850,965,731,283,1281,344,411,355,105,310,544,757,335
16,1382,70,815,850,964,731,283,1281,344,411,355,105,311,544,757,335
